question,answer,keywords
태양광 패널 성능 예측은 실제 발전량과 비교 방법,"예측 모델의 출력(P_pred)과 실제 발전량(P_actual)을 동일 기간으로 정규화한 뒤 PR(Performance Ratio) 또는 MAPE로 비교합니다. PR=실제발전량/(이론발전량)×100, MAPE=평균(|P_actual-P_pred|/P_actual)×100 입니다.",PR;MAPE;태양광;패널;성능;예측은;실제;발전량과
패널 오염·파손 판단 기준,이미지 모델이 이물·음영·크랙·황변 등을 분류/세그멘테이션하고 가중 합으로 오염지수(score)를 계산합니다. 임계치를 넘으면 세척/점검을 권고합니다.,패널;오염도;파손도는;어떻게;판단하나요;오염;파손;판단
패널 예상 수명 산정 방법,열화율(%/년) 추정과 보증곡선을 조합해 정격 대비 출력이 임계치(예: 80%)에 도달하는 시점을 예측합니다. 현장 온도/일사량/열화 이력에 따라 갱신됩니다.,패널;예상;수명은;어떻게;산정하나요;수명;산정;방법
폐패널이란?,"""폐패널은 태양광 모듈의 수명이 다하거나 손상되어 더 이상 사용하지 못하는 패널을 의미합니다.""",폐패널이란;폐패널은;태양광;모듈의;수명이;다하거나;손상되어;이상
태양광 폐패널이란 무엇인가요?,"""폐패널은 설치 후 일정 기간이 지나 효율이 크게 떨어지거나 파손된 태양광 모듈을 말합니다.""",태양광;폐패널이란;무엇인가요;폐패널은;설치;일정;기간이;지나
폐패널이 뭔 뜻이에요?,"""태양광 패널이 수명을 다해 발전 효율이 현저히 낮아진 상태의 모듈을 폐패널이라고 부릅니다.""",폐패널이;뜻이에요;태양광;패널이;수명을;다해;발전;효율이
태양광 폐패널 정의가 뭐에요?,"""폐패널은 설치 후 일정 기간이 지나 효율이 크게 떨어지거나 파손된 태양광 모듈을 말합니다.""",태양광;폐패널;정의가;뭐에요;폐패널은;설치;일정;기간이
폐패널을 쉽게 설명하면?,"""폐패널은 태양광 모듈의 수명이 다하거나 손상되어 더 이상 사용하지 못하는 패널을 의미합니다.""",폐패널을;쉽게;설명하면;폐패널은;태양광;모듈의;수명이;다하거나
폐패널은 왜 관리해야 하나요?,"""폐패널은 중금속 등 유해 물질을 포함할 수 있어 적절한 수거 및 재활용이 필요합니다.""",폐패널은;관리해야;하나요;중금속;유해;물질을;포함할;있어
폐패널 관리가 중요한 이유는?,"""환경 오염 방지와 자원 재활용을 위해 폐패널을 체계적으로 관리해야 합니다.""",폐패널;관리가;중요한;이유는;환경;오염;방지와;자원
폐패널을 방치하면 어떤 문제가 생기나요?,"""중금속 누출과 환경오염이 발생할 수 있으며, 자원 낭비로 이어집니다.""",폐패널을;방치하면;어떤;문제가;생기나요;중금속;누출과;환경오염이
폐패널 관리 목적은 무엇인가요?,"환경 보호와 자원 재활용, 법적 규제 준수를 위해 관리합니다.",폐패널;관리;목적은;무엇인가요;환경;보호와;자원;재활용
폐패널은 어떻게 수거하나요?,"""플랫폼을 통해 수거 요청을 등록하면 제휴된 수거 업체가 지정된 날짜에 방문하여 회수합니다. 수거 요청 → 일정 조율 → 현장 방문 수거 → 처리 절차 순으로 진행됩니다.""",폐패널은;어떻게;수거하나요;플랫폼을;통해;수거;요청을;등록하면
폐패널 수거 절차는?,"""플랫폼을 통해 수거 요청을 등록하면 제휴된 수거 업체가 지정된 날짜에 방문하여 회수합니다. 수거 요청 → 일정 조율 → 현장 방문 수거 → 처리 절차 순으로 진행됩니다.""",폐패널;수거;절차는;플랫폼을;통해;요청을;등록하면;제휴된
폐패널을 요청하면 누가 수거하나요?,"""플랫폼을 통해 수거 요청을 등록하면 제휴된 수거 업체가 지정된 날짜에 방문하여 회수합니다.""",폐패널을;요청하면;누가;수거하나요;플랫폼을;통해;수거;요청을
폐패널은 어디에 맡겨야,"""허가받은 폐기물 처리 업체에 맡겨야 합니다. 플랫폼을 통해 수거 요청을 등록하면 제휴된 수거 업체가 지정된 날짜에 방문하여 회수합니다.""",폐패널은;어디에;맡겨야;하나요;허가받은;폐기물;처리;업체에
패널 수거 요청은 어디에 하나요?,"""플랫폼을 통해 수거 요청을 등록하면 제휴된 수거 업체가 지정된 날짜에 방문하여 회수합니다.""",패널;수거;요청은;어디에;하나요;플랫폼을;통해;요청을
수거 후 패널은 어떻게 처리되나요?,"""수거된 패널은 AI 분석을 통해 상태를 분류한 뒤, 수리·재사용·재활용 또는 폐기 처리를 진행합니다.""",AI;수거;패널은;어떻게;처리되나요;수거된;분석을;통해
폐패널은 처리 과정이 어떻게 돼요,"""수거된 패널은 AI 분석을 통해 상태를 분류한 뒤, 수리·재사용·재활용 또는 폐기 처리를 진행합니다.""",AI;폐패널은;처리;과정이;어떻게;돼요;수거된;패널은
폐패널 처리 방식은?,"""수거된 패널은 AI 이미지 분석을 통해 상태를 분류한 뒤, 수리·재사용·재활용 또는 폐기 처리를 진행합니다.""",AI;폐패널;처리;방식은;수거된;패널은;이미지;분석을
AI는 어떤 방식으로 상태를 분류하나요?,"""AI는 이미지 분석 및 발전량 데이터를 활용하여 패널의 오염, 손상 여부, 성능 저하 정도를 분류합니다.""",AI;어떤;방식으로;상태를;분류하나요;이미지;분석;발전량
AI가 패널 상태를 어떻게 평가하나요?,"""AI는 이미지 분석 및 센서 데이터를 활용하여 패널의 오염, 손상 여부, 성능 저하 정도를 분류합니다.""",AI;패널;상태를;어떻게;평가하나요;이미지;분석;센서
AI로 패널 상태를 자동 분석할 수 있나요?,"""네, 가능합니다. AI는 이미지 분석 및 발전량 데이터를 활용하여 패널의 오염, 손상 여부, 성능 저하 정도를 분류합니다.""",AI;패널;상태를;자동;분석할;있나요;가능합니다;이미지
교체해야 할 패널은 자동으로 알림이 오나요?,"""네, 플랫폼은 발전량 데이터 등을 분석해 성능 저하가 의심되는 패널에 대해 교체 알림을 보냅니다.""",교체해야;패널은;자동으로;알림이;오나요;플랫폼은;발전량;데이터
패널 교체 시기가 되면 알려주나요?,"""네, 플랫폼은 발전량 데이터 등을 분석해 성능 저하가 의심되는 패널에 대해 교체 알림을 보냅니다.""",패널;교체;시기가;되면;알려주나요;플랫폼은;발전량;데이터
자동 알림 기능이 있나요?,"""네, 플랫폼은 발전량 데이터 등을 분석해 성능 저하가 의심되는 패널에 대해 교체 알림을 보냅니다.""",자동;알림;기능이;있나요;플랫폼은;발전량;데이터;등을
예산 예측 리포트는 어떤 내용을 포함하나요?,"""연도별 교체 예상 수량, 수리 수량, 총 지출, 재활용 환급액, 순 지출 등이 포함됩니다.""",예산;예측;리포트는;어떤;내용을;포함하나요;연도별;교체
예산 리포트에는 무엇이 있나요?,"""연도별 교체 예상 수량, 수리 수량, 총 지출, 재활용 환급액, 순 지출 등이 포함됩니다.""",예산;리포트에는;무엇이;있나요;연도별;교체;예상;수량
예산 보고서에 들어가는 항목은?,"""연도별 교체 예상 수량, 수리 수량, 총 지출, 재활용 환급액, 순 지출 등이 포함됩니다.""",예산;보고서에;들어가는;항목은;연도별;교체;예상;수량
AI가 발전량을 예측하는 기준은 무엇인가요?,"""일사량, 온도, 지역별 평균 발전량, 패널 사양 등을 기반으로 발전량 예측 모델을 구성합니다.""",AI;발전량을;예측하는;기준은;무엇인가요;일사량;온도;지역별
발전량 예측은 어떻게 하나요?,"""일사량, 온도, 지역별 평균 발전량, 패널 사양 등을 기반으로 발전량 예측 모델을 구성합니다.""",발전량;예측은;어떻게;하나요;일사량;온도;지역별;평균
발전량 예측 방식은?,"""일사량, 온도, 지역별 평균 발전량, 패널 사양 등을 기반으로 발전량 예측 모델을 구성합니다.""",발전량;예측;방식은;일사량;온도;지역별;평균;패널
EPR 보고서는 자동으로 생성되나요?,"""패널 수거 및 처리 내역을 바탕으로 EPR 보고서가 자동 생성되어 다운로드 가능합니다.""",EPR;보고서는;자동으로;생성되나요;패널;수거;처리;내역을
EPR 보고서 발행 방법은?,"""패널 수거 및 처리 내역을 바탕으로 EPR 보고서가 자동 생성되어 다운로드 가능합니다.""",EPR;보고서;발행;방법은;패널;수거;처리;내역을
EPR 보고서를 어떻게 만들어요?,"""패널 수거 및 처리 내역을 바탕으로 EPR 보고서가 자동 생성되어 다운로드 가능합니다.""",EPR;보고서를;어떻게;만들어요;패널;수거;처리;내역을
발전량 비교는 어떻게 이루어지나요?,"""실제 발전량과 예상 발전량을 비교하여 성능 저하 여부를 판단합니다. 일반적으로 예측량 대비 실제 발전량이 20% 이상 감소했을 때 성능 저하로 판단합니다..""",발전량;비교는;어떻게;이루어지나요;실제;발전량과;예상;발전량을
발전 성능 비교 방법은?,"""실제 발전량과 예상 발전량을 비교하여 성능 저하 여부를 판단합니다. 일반적으로 예측량 대비 실제 발전량이 20% 이상 감소했을 때 성능 저하로 판단합니다..""",발전;성능;비교;방법은;실제;발전량과;예상;발전량을
발전 효율 비교는 어떻게 하나요?,"""실제 발전량과 예상 발전량을 비교하여 성능 저하 여부를 판단합니다. 일반적으로 예측량 대비 실제 발전량이 20% 이상 감소했을 때 성능 저하로 판단합니다..""",발전;효율;비교는;어떻게;하나요;실제;발전량과;예상
플랫폼에서 어떤 기업들이 참여할 수 있나요?,"""태양광 발전소 운영사, 시공 업체, 모듈 제조사, 폐기물 처리 업체 등 다양한 B2B 기업들이 참여할 수 있습니다.""",플랫폼에서;어떤;기업들이;참여할;있나요;태양광;발전소;운영사
참여 가능한 기업 유형은?,"""태양광 발전소 운영사, 시공 업체, 모듈 제조사, 폐기물 처리 업체 등 다양한 B2B 기업들이 참여할 수 있습니다.""",참여;가능한;기업;유형은;태양광;발전소;운영사;시공
이 플랫폼은 누가 이용하나요?,"""B2B 태양광 관련 기업이 주로 이용하며, 태양광 발전소 운영사, 시공 업체, 모듈 제조사, 폐기물 처리 업체 등 다양한 B2B 기업들이 참여할 수 있습니다.""",플랫폼은;누가;이용하나요;B;태양광;관련;기업이;주로
패널의 상태 분류는 어떤 기준으로 하나요?,"""오염, 손상, 성능 저하 여부에 따라 수리, 재사용, 재활용, 폐기 등으로 분류됩니다.""",패널의;상태;분류는;어떤;기준으로;하나요;오염;손상
패널 상태 기준은?,"""오염, 손상, 성능 저하 여부에 따라 수리, 재사용, 재활용, 폐기 등으로 분류됩니다.""",패널;상태;기준은;오염;손상;성능;저하;여부에
패널 상태를 나누는 기준은 무엇인가요?,"""오염, 손상, 성능 저하 여부에 따라 수리, 재사용, 재활용, 폐기 등으로 분류됩니다.""",패널;상태를;나누는;기준은;무엇인가요;오염;손상;성능
이 플랫폼은 EPR 대응 외에 어떤 장점이 있나요?,"""기업 ESG 경영 지원, 비용 예측 리포트, 탄소 감축 보고서 제공 등입니다.""",EPR;ESG;플랫폼은;대응;외에;어떤;장점이;있나요
EPR 말고 다른 기능은?,"""EPR 외에도 ESG, 탄소 절감, 예산 관리 기능이 있습니다.""",EPR;ESG;말고;다른;기능은;외에도;탄소;절감
이 플랫폼의 추가 장점은?,"""기업 ESG 경영을 지원하고, 비용 예측 리포트, 탄소 감축 리포트 등 보고 기능도 제공합니다.""",ESG;플랫폼의;추가;장점은;기업;경영을;지원하고;비용
AI가 예측하는 패널의 잔여 수명은 어떻게 산출되나요?,"""성능 저하율, 설치 연도, 지역 기후, 발전량 데이터를 종합 분석해 추정합니다.""",AI;예측하는;패널의;잔여;수명은;어떻게;산출되나요;성능
잔여 수명 예측 방법은?,"""성능 저하율, 설치 연도, 지역 기후, 발전량 데이터를 종합 분석해 추정합니다.""",잔여;수명;예측;방법은;성능;저하율;설치;연도
패널 수명 예측 기준은?,"""성능 저하율, 설치 연도, 지역 기후, 발전량 데이터를 종합 분석해 추정합니다.""",패널;수명;예측;기준은;성능;저하율;설치;연도
패널 교체 주기는 일반적으로 얼마인가요?,"""일반적으로 패널은 20~25년마다 교체하며, 성능 저하 시 더 빨리 교체할 수 있습니다. 한화 큐셀의 패널의 보증기간은 최대 25년에서 30년입니다.""",패널;교체;주기는;일반적으로;얼마인가요;패널은;20;25
태양광 패널은 몇 년마다 바꾸나요?,"""일반적으로 패널은 20~25년마다 교체하며, 성능 저하 시 더 빨리 교체할 수 있습니다. 한화 큐셀의 패널의 보증기간은 최대 25년에서 30년입니다.""",태양광;패널은;년마다;바꾸나요;일반적으로;20;25;교체하며
패널은 언제 바꿔야 하나요?,"""일반적으로 패널은 20~25년마다 교체하며, 성능 저하 시 더 빨리 교체할 수 있습니다. 한화 큐셀의 패널의 보증기간은 최대 25년에서 30년입니다.""",패널은;언제;바꿔야;하나요;일반적으로;20;25;년마다
패널 교체 시기는 어떻게 판단하나요?,"""일반적으로 패널은 20~25년마다 교체하며, 출력이 80% 이하로 떨어지거나 파손이 발생했을 때 교체합니다.""",패널;교체;시기는;어떻게;판단하나요;일반적으로;패널은;20
AI가 파손 정도도 판단하나요?,"""네, 표면 균열, 프레임 손상 등 이미지 분석을 통해 파손 수준을 판단합니다.""",AI;파손;정도도;판단하나요;표면;균열;프레임;손상
패널을 교체하는 이유는 무엇인가요?,"""성능 저하나 파손으로 발전 효율이 낮아지기 때문입니다.""",패널을;교체하는;이유는;무엇인가요;성능;저하나;파손으로;발전
패널이 고장 나면 어떻게 해야 하나요?,"""전문 업체 점검 후 수리 또는 교체 여부를 판단합니다.""",패널이;고장;나면;어떻게;해야;하나요;전문;업체
패널 고장 시 대처 방법은?,"""손상 정도와 발전 효율을 고려해 판단합니다.""",패널;고장;대처;방법은;손상;정도와;발전;효율을
패널 교체 가격은?,"""모델에 따라 다르지만 평균적으로 패널 가격은 개당 30만원 전후이며, 인건비, 운송비가 별도로 청구됩니다. 자세한 상담을 원하신다면 유선으로 도와드리겠습니다.""",패널;교체;가격은;모델에;따라;다르지만;평균적으로;개당
태양광 패널 고장 났을 때 비용은?,"""모델에 따라 다르지만 평균적으로 패널 가격은 개당 30만원 전후이며, 인건비, 운송비가 별도로 청구됩니다. 자세한 상담을 원하신다면 유선으로 도와드리겠습니다.""",태양광;패널;고장;났을;비용은;모델에;따라;다르지만
패널 교체 비용은 얼마인가요?,"""모델에 따라 다르지만 평균적으로 패널 가격은 개당 30만원 전후이며, 인건비, 운송비가 별도로 청구됩니다. 자세한 상담을 원하신다면 유선으로 도와드리겠습니다.""",패널;교체;비용은;얼마인가요;모델에;따라;다르지만;평균적으로
패널 교체는 누가 하나요?,"""설치 업체나 유지보수 전문 업체가 교체를 담당합니다.""",패널;교체는;누가;하나요;설치;업체나;유지보수;전문
패널 교체 작업은 얼마나 걸리나요?,"""작업 기간은 규모에 따라 다르지만, 약 1~2주 정도 소요됩니다. 자세한 상담은 유선으로 도와드리겠습니다.""",패널;교체;작업은;얼마나;걸리나요;작업;기간은;규모에
패널을 교체하는데 며칠이 걸리나요?,"""작업 기간은 규모에 따라 다르지만, 약 1~2주 정도 소요됩니다. 자세한 상담은 유선으로 도와드리겠습니다.""",패널을;교체하는데;며칠이;걸리나요;작업;기간은;규모에;따라
패널 교체 시 필요한 장비는 무엇인가요?,"""크레인, 고정 브라켓, 배선 공구 등이 필요합니다.""",패널;교체;필요한;장비는;무엇인가요;크레인;고정;브라켓
패널 교체 전에 준비해야 할 것은?,"""전원 차단, 안전 장비 착용, 작업 공간 확보가 필요합니다.""",패널;교체;전에;준비해야;것은;전원;차단;안전
패널 교체를 요청하려면 어떻게 하나요?,"""설치 업체나 플랫폼을 통해 신청할 수 있습니다.""",패널;교체를;요청하려면;어떻게;하나요;설치;업체나;플랫폼을
패널 교체를 직접 할 수 있나요?,"안전 문제로 권장하지 않으며, 전문 업체에 맡겨야 합니다.",패널;교체를;직접;있나요;안전;문제로;권장하지;않으며
패널 교체 후 성능은 얼마나 좋아지나요?,"""새 패널은 초기 성능(100%)을 제공합니다.""",패널;교체;성능은;얼마나;좋아지나요;패널은;초기;성능
패널 교체 후 유지보수 주기는 어떻게 되나요?,"""정기 점검은 연 1~2회 권장합니다.""",패널;교체;유지보수;주기는;어떻게;되나요;정기;점검은
패널 품질 보증 기간은?,"""제품 보증은 12년간 유효하며, 출력 보증은 최대 25년입니다. 일부 모델은 최대 30년 성능 보증을 제공합니다. 보증 기간 내 결함이 있으면 무상 수리 또는 교체됩니다.""",패널;품질;보증;기간은;제품;보증은;12;년간
패널 출력 보증 기간은?,"""출력 보증은 최대 25년입니다. 일부 모델은 최대 30년 성능 보증을 제공합니다. 보증 기간 내 결함이 있으면 무상 수리 또는 교체됩니다.""",패널;출력;보증;기간은;보증은;최대;25;년입니다
패널 교체 후 보증 기간은 얼마나 되나요?,"""제조사와 설치 업체에 따라 다르지만, 보통 10~25년입니다. 한화 큐셀 기준으로 제품 보증은 12년간 유효하며, 출력 보증은 최대 25년입니다. 일부 모델은 최대 30년 성능 보증을 제공합니다. 보증 기간 내 결함이 있으면 무상 수리 또는 교체됩니다.""""",패널;교체;보증;기간은;얼마나;되나요;제조사와;설치
패널 교체 후 품질 보증이 있나요?,"""네, 제품 보증은 12년간 유효하며, 출력 보증은 최대 25년입니다. 일부 모델은 최대 30년 성능 보증을 제공합니다. 보증 기간 내 결함이 있으면 무상 수리 또는 교체됩니다.""",패널;교체;품질;보증이;있나요;제품;보증은;12
패널 교체 시 주의해야 할 점은 무엇인가요?,"""안전 확보, 인증 제품 사용, 전문 시공 필수입니다.""",패널;교체;주의해야;점은;무엇인가요;안전;확보;인증
패널 교체 비용 절감 방법은 있나요?,"""보조금 활용, 여러 업체 견적 비교로 절감할 수 있습니다.""",패널;교체;비용;절감;방법은;있나요;보조금;활용
패널 교체 시 정부 지원금이 있나요?,"""일부 지자체에서 보조금을 제공합니다. 자세한 사항은 해당하는 지자체에 문의 부탁드립니다.""",패널;교체;정부;지원금이;있나요;일부;지자체에서;보조금을
패널 교체에 드는 총 비용은?,"""패널 단가, 인건비, 운송비가 포함되어 수백만 원이 됩니다.""",패널;교체에;드는;비용은;단가;인건비;운송비가;포함되어
패널 교체 얼마인가요?,"""패널 단가, 인건비, 운송비가 포함되어 수백만 원이 됩니다.""",패널;교체;얼마인가요;단가;인건비;운송비가;포함되어;수백만
패널 바꾸는 건 얼마인가요?,"""패널 단가, 인건비, 운송비가 포함되어 수백만 원이 됩니다.""",패널;바꾸는;얼마인가요;단가;인건비;운송비가;포함되어;수백만
태양광 패널 바꾸는 비용이 얼만가요?,"""패널 단가, 인건비, 운송비가 포함되어 수백만 원이 됩니다.""",태양광;패널;바꾸는;비용이;얼만가요;단가;인건비;운송비가
패널 교체 시 가격 차이는 왜 생기나요?,"""제품 종류, 시공 방식, 인건비 차이 때문입니다.""",패널;교체;가격;차이는;생기나요;제품;종류;시공
패널 교체 비용에 포함되는 항목은?,"""패널 가격, 설치비, 운송비, 부가세 등이 있습니다.""",패널;교체;비용에;포함되는;항목은;가격;설치비;운송비
패널 교체 비용은 어떤 요인에 따라 달라지나요?,"""용량, 패널 종류, 시공 난이도에 따라 달라집니다.""",패널;교체;비용은;어떤;요인에;따라;달라지나요;용량
패널 교체 시 폐기물 처리 비용은 얼마인가요?,"""수거·처리비로 패널당 1만~3만 원 정도가 발생할 수 있습니다.""",패널;교체;폐기물;처리;비용은;얼마인가요;수거;처리비로
패널 교체 후 버려지는 패널은 어떻게 하나요?,"""폐기물 처리 규정에 따라 수거·재활용됩니다.""",패널;교체;버려지는;패널은;어떻게;하나요;폐기물;처리
폐패널의 재활용 방식은 어떻게 되나요?,"""유리, 알루미늄, 실리콘 등의 자원을 분리 추출하여 재활용합니다.""",폐패널의;재활용;방식은;어떻게;되나요;유리;알루미늄;실리콘
패널 재활용이 가능한가요?,"""유리, 알루미늄, 실리콘 등의 자원을 분리 추출하여 재활용합니다.""",패널;재활용이;가능한가요;유리;알루미늄;실리콘;등의;자원을
교체한 패널 재활용 시 비용이 드나요?,"""일부 재활용 과정에 비용이 발생할 수 있습니다.""",교체한;패널;재활용;비용이;드나요;일부;과정에;발생할
교체한 패널 재활용 시 환급금이 있나요?,"""자원 회수 가치에 따라 환급이 가능합니다.""",교체한;패널;재활용;환급금이;있나요;자원;회수;가치에
폐패널을 재사용할 수 있나요?,"""네, 경미한 손상의 패널은 다른 용도(예: 비주거 건물)에 재사용 가능합니다.""",폐패널을;재사용할;있나요;경미한;손상의;패널은;다른;용도
교체한 패널은 재사용이 되나요?,"""네, 경미한 손상의 패널은 다른 용도(예: 비주거 건물)에 재사용 가능합니다.""",교체한;패널은;재사용이;되나요;경미한;손상의;다른;용도
교체한 패널 재사용 시 절차는?,"""성능 검사 후 기준 이상이면 재사용됩니다.""",교체한;패널;재사용;절차는;성능;검사;기준;이상이면
교체한 패널을 판매할 수 있나요?,"""중고 거래가 가능하지만, 법적 제한을 확인해야 합니다.""",교체한;패널을;판매할;있나요;중고;거래가;가능하지만;법적
교체 작업 후 환경에 미치는 영향은?,"""재활용률이 높아지면 탄소배출 절감 효과가 있습니다.""",교체;작업;환경에;미치는;영향은;재활용률이;높아지면;탄소배출
교체 작업 후 환경 보고서를 받을 수 있나요?,"""네, 재활용량과 탄소 절감량이 포함된 보고서를 제공합니다.""",교체;작업;환경;보고서를;받을;있나요;재활용량과;탄소
패널 교체와 ESG 경영은 어떤 관계가 있나요?,"""친환경 처리로 ESG 평가에 긍정적 영향을 줍니다.""",ESG;패널;교체와;경영은;어떤;관계가;있나요;친환경
패널 교체가 발전량 향상에 얼마나 기여하나요?,"""교체 후 연간 발전량이 10~20% 증가할 수 있습니다.""",패널;교체가;발전량;향상에;얼마나;기여하나요;교체;연간
패널 교체 후 발전 효율 변화는?,"""초기 효율로 회복되어 생산량이 늘어납니다.""",패널;교체;발전;효율;변화는;초기;효율로;회복되어
패널 교체로 전기 요금 절감이 가능한가요?,"""네, 효율이 회복되어 발전량이 증가하면 전기 요금 절감 효과가 있습니다.""",패널;교체로;전기;요금;절감이;가능한가요;효율이;회복되어
패널 교체가 경제성에 미치는 영향은?,"""발전량 증가로 전기 판매 수익과 절감액이 늘어납니다.""",패널;교체가;경제성에;미치는;영향은;발전량;증가로;전기
패널 교체가 이득,"""장기적으로 유지보수 비용 절감과 발전량 증가로 이득입니다.""",패널;교체가;이득인가요;이득;장기적으로;유지보수;비용;절감과
패널 교체가 투자 대비 수익률(ROI)에 미치는 영향은,"""ROI가 향상되며, 교체 후 약 5~8년 내 투자 회수가 가능합니다.""",ROI;패널;교체가;투자;대비;수익률;미치는;영향은
패널 교체 후 유지보수 비용은 줄어드나요?,"""네, 초기 몇 년간 고장 가능성이 낮아져 유지보수 비용이 줄어듭니다.""",패널;교체;유지보수;비용은;줄어드나요;초기;년간;고장
패널 교체 후 고장 빈도는 줄어드나요?,"""신형 패널은 내구성이 높아 고장 빈도가 낮습니다.""",패널;교체;고장;빈도는;줄어드나요;신형;패널은;내구성이
패널 교체가 탄소 배출 절감에 기여하나요?,"""신형 패널은 내구성이 높아 고장 빈도가 낮습니다.""",패널;교체가;탄소;배출;절감에;기여하나요;신형;패널은
패널 교체가 환경 보호에 어떤 도움을 주나요?,"""재활용률 증가와 폐기물 감소에 기여합니다.""",패널;교체가;환경;보호에;어떤;도움을;주나요;재활용률
패널 교체가 재활용 산업에 미치는 영향은?,"""재활용 패널 공급이 늘어나 산업 발전에 도움이 됩니다.""",패널;교체가;재활용;산업에;미치는;영향은;공급이;늘어나
패널 교체와 순환경제의 관계는 무엇인가요?,"""재활용 패널 공급이 늘어나 산업 발전에 도움이 됩니다.""",패널;교체와;순환경제의;관계는;무엇인가요;재활용;공급이;늘어나
패널 교체와 ESG 평가는 어떻게 연관되나요?,"""환경(E) 분야에서 긍정적인 평가를 받을 수 있습니다.""",ESG;패널;교체와;평가는;어떻게;연관되나요;환경;E
패널 교체 시 발생하는 폐기물은 어떻게 처리되나요?,"""전문 업체를 통해 분류, 재활용 또는 안전 폐기됩니다.""",패널;교체;발생하는;폐기물은;어떻게;처리되나요;전문;업체를
패널 교체 시 유해물질은 어떻게 관리하나요?,"""납, 카드뮴 등은 안전하게 밀봉 처리됩니다.""",패널;교체;유해물질은;어떻게;관리하나요;카드뮴;등은;안전하게
패널 교체가 신재생에너지 보급 확대에 기여하나요?,"""효율 향상으로 재생에너지 생산량이 증가합니다.""",패널;교체가;신재생에너지;보급;확대에;기여하나요;효율;향상으로
패널 교체 전 점검은 어떻게 방법,"""성능 테스트와 외관 점검을 실시합니다.""",패널;교체;점검은;어떻게;하나요;방법;성능;테스트와
패널 교체 전 필수 점검 항목은 무엇인가요?,"""출력 측정, 외관 손상 여부, 배선 상태입니다.""",패널;교체;필수;점검;항목은;무엇인가요;출력;측정
패널 교체 전 서류 준비는 정의,"""계약서, 보증서, 설치 이력 자료를 준비합니다.""",패널;교체;서류;준비는;무엇인가요;정의;계약서;보증서
패널 교체 시 보험이 필요한가요?,"""고소 작업·화재 위험에 대비해 보험 가입이 권장됩니다.""",패널;교체;보험이;필요한가요;고소;작업;화재;위험에
패널 교체 시 감전 위험은 없나요?,"""전원 차단 후 작업하면 안전합니다.""",패널;교체;감전;위험은;없나요;전원;차단;작업하면
패널 교체 작업 중 날씨 영향은?,"""비·눈·강풍 시 작업이 지연될 수 있습니다.""",패널;교체;작업;날씨;영향은;강풍;작업이;지연될
패널 교체 작업 중 사고가 발생하면 어떻게 하나요?,"""보험과 안전 규정에 따라 처리합니다.""",패널;교체;작업;사고가;발생하면;어떻게;하나요;보험과
패널 교체 전후 비교 보고서를 받을 수 있나요?,"""발전량과 효율을 비교해볼 수 있습니다.""",패널;교체;전후;비교;보고서를;받을;있나요;발전량과
패널 교체 후 전기 생산량 비교는 어떻게 하나요?,"""교체 전후 동일 기간 발전량 데이터를 비교합니다.""",패널;교체;전기;생산량;비교는;어떻게;하나요;전후
패널 교체 후 품질 검사는 어떻게 하나요?,"""출력 테스트와 외관 점검으로 품질을 확인합니다.""",패널;교체;품질;검사는;어떻게;하나요;출력;테스트와
패널 교체 후 발전량 감소가 있으면 어떻게 하나요?,"""설치 불량 여부를 점검하고, 필요 시 재시공합니다.""",패널;교체;발전량;감소가;있으면;어떻게;하나요;설치
패널 교체 후 품질 보증 조건은 어떻게 되나요?,"""제조사·설치업체의 보증서에 명시됩니다.""",패널;교체;품질;보증;조건은;어떻게;되나요;제조사
패널 교체 후 불량 발생 시 대응 방법은?,"""보증 기간 내 무상 교체 또는 수리가 가능합니다.""",패널;교체;불량;발생;대응;방법은;보증;기간
패널 교체 후 발전량이 기대보다 낮으면?,"""설치 각도, 방향, 그림자 여부를 점검해야 합니다.""",패널;교체;발전량이;기대보다;낮으면;설치;각도;방향
패널 교체가 기존 인프라에 영향을 주나요?,"""배선·인버터 호환성을 확인해야 합니다.""",패널;교체가;기존;인프라에;영향을;주나요;배선;인버터
패널 교체할 때 기존 인버터도 교체해야 하나요?,"""출력 용량이 맞지 않으면 인버터도 교체해야 합니다.""",패널;교체할;기존;인버터도;교체해야;하나요;출력;용량이
인버터 교체 비용은 얼마인가요?,"""용량과 모델에 따라 수십만~수백만 원입니다.""",인버터;교체;비용은;얼마인가요;용량과;모델에;따라;수십만
패널 교체 후 발전 효율 저하 방지 방법은?,"""정기 청소와 점검이 필요합니다.""",패널;교체;발전;효율;저하;방지;방법은;정기
패널 청소 주기는 어떻게 되나요?,"""지역 환경에 따라 6개월~1년에 한 번 권장합니다.""",패널;청소;주기는;어떻게;되나요;지역;환경에;따라
패널 교체 후 청소 비용은 얼마,"""모델과 규모에 따라 차이가 있습니다. 자세한 내용은 유선으로 문의 부탁드립니다.""",패널;교체;청소;비용은;얼마인가요;얼마;모델과;규모에
패널 성능 유지 팁은?,"""정기 점검, 청소, 이상 발생 시 즉시 조치입니다.""",패널;성능;유지;팁은;정기;점검;청소;이상
패널 모니터링 방법은?,"""발전량 모니터링 시스템을 통해 실시간 확인합니다.""",패널;모니터링;방법은;발전량;시스템을;통해;실시간;확인합니다
패널 데이터 분석은 어떻게 하나요?,과거 데이터와 비교 분석합니다.,패널;데이터;분석은;어떻게;하나요;과거;데이터와;비교
패널 교체가 법적 의무 사항인가요?,"""현재 의무는 아니지만, 안전과 효율을 위해 권장됩니다.""",패널;교체가;법적;의무;사항인가요;현재;의무는;아니지만
패널 교체 시 환경 규제는 무엇인가요?,"""폐기물 처리 규정을 준수해야 합니다.""",패널;교체;환경;규제는;무엇인가요;폐기물;처리;규정을
패널 교체가 전력 판매 계약에 영향을 주나요?,"""발전량 증가로 계약 조정이 필요할 수 있습니다.""",패널;교체가;전력;판매;계약에;영향을;주나요;발전량
패널 교체 후 전력 판매 단가는 변하나요?,"""발전량에 따라 정산 금액이 달라질 수 있습니다.""",패널;교체;전력;판매;단가는;변하나요;발전량에;따라
패널 교체 후 온실가스 절감량은 얼마인가요?,"""교체 수량에 따라 다르며, 연간 수백 kg~수 톤 CO₂ 절감이 가능합니다.""",CO;패널;교체;온실가스;절감량은;얼마인가요;수량에;따라
패널 교체 후 온실가스 절감 보고서를 제공하나요?,"""네, ESG 보고서 형태로 제공합니다.""",ESG;패널;교체;온실가스;절감;보고서를;제공하나요;보고서
패널 교체 후 에너지 자립률 향상은 얼마나 되나요?,"""발전량 증가로 자립률이 10~20% 상승합니다.""",패널;교체;에너지;자립률;향상은;얼마나;되나요;발전량
패널 교체 후 발전 효율이 얼마나 오르나요?,"""신형 패널로 교체 시 발전 효율이 평균 10~20% 향상됩니다.""",패널;교체;발전;효율이;얼마나;오르나요;신형;패널로
패널 교체가 녹색금융 지원에 유리한가요?,"""네, 친환경 설비 투자로 평가받아 대출·금융 지원이 용이합니다.""",패널;교체가;녹색금융;지원에;유리한가요;친환경;설비;투자로
패널 교체가 ESG 평가 점수에 반영되나요?,"""환경(E) 부문에서 긍정적인 점수를 받을 수 있습니다.""",ESG;패널;교체가;평가;점수에;반영되나요;환경;E
패널 성능 저하율은 어떤가요?,"""연간 평균 0.5~0.8% 수준으로 성능이 저하됩니다. 한화 큐셀 모델은 연간 성능 저하율 약 0.5% 입니다. 30년 보증 특수형 모델의 경우 연 0.3~0.4%로 보고 있습니다.""",패널;성능;저하율은;어떤가요;연간;평균;수준으로;성능이
패널 교체 시 세금 감면 혜택이 있나요?,"""신재생 설비 투자세액공제 등 세제 혜택이 있습니다.""",패널;교체;세금;감면;혜택이;있나요;신재생;설비
플랫폼은 ESG 보고서를 제공하나요?,"""네, 재활용률, 탄소 절감량 등 주요 항목을 포함한 ESG 리포트를 제공합니다.""",ESG;플랫폼은;보고서를;제공하나요;재활용률;탄소;절감량;주요
수거 일정을 조정할 수 있나요?,"""네, 수거 요청 시 원하는 일정을 선택하거나 조율할 수 있습니다.""",수거;일정을;조정할;있나요;요청;원하는;선택하거나;조율할
수거된 패널의 추적은 가능한가요?,"""네, 각 패널은 고유 식별 정보를 바탕으로 수거-처리 이력이 추적됩니다.""",수거된;패널의;추적은;가능한가요;패널은;고유;식별;정보를
각 지역의 폐패널 발생량 예측이 가능한가요?,"""네, 지역별 설치 현황, 발전량 이력, 기후 데이터를 기반으로 폐패널 발생량을 예측합니다.""",지역의;폐패널;발생량;예측이;가능한가요;지역별;설치;현황
예측 정확도는 얼마나 되나요?,"""현재 약 85~90% 수준의 예측 정확도를 보이며, 지속 학습으로 향상됩니다.""",예측;정확도는;얼마나;되나요;현재;85;90;수준의
이 플랫폼은 탄소배출 절감에 기여하나요?,"""네, 재활용 및 재사용을 통해 온실가스 감축 효과를 수치화하여 제공합니다.""",플랫폼은;탄소배출;절감에;기여하나요;재활용;재사용을;통해;온실가스
플랫폼 이용료는 어떻게 되나요?,"""기본 요금과 데이터 사용량에 따라 차등 부과되며, 상세 가격은 상담 후 결정됩니다.""",플랫폼;이용료는;어떻게;되나요;기본;요금과;데이터;사용량에
플랫폼 도입 시 비용은 어떻게 되나요?,"""기본 사용료는 무료이며, 고급 기능은 구독 플랜 또는 기업 맞춤형 계약이 필요합니다.""",플랫폼;도입;비용은;어떻게;되나요;기본;사용료는;무료이며
플랫폼 사용료는?,"""기본 사용료는 무료이며, 고급 기능은 구독 플랜 또는 기업 맞춤형 계약이 필요합니다.""",플랫폼;사용료는;기본;무료이며;고급;기능은;구독;플랜
수리 가능한 패널은 어떻게 판단하나요?,"""파손 정도가 경미하고 발전 효율이 기준 이상이면 수리 대상으로 분류됩니다.""",수리;가능한;패널은;어떻게;판단하나요;파손;정도가;경미하고
수리해야 하는 패널은 어떻게 아나요?,"""파손 정도가 경미하고 발전 효율이 기준 이상이면 수리 대상으로 분류됩니다.""",수리해야;하는;패널은;어떻게;아나요;파손;정도가;경미하고
보고서 갱신 주기는?,"""기본은 월간입니다. 기업 요청 시 주간·분기별 보고도 제공하며 별도의 비용이 청구될 수 있습니다.""",보고서;갱신;주기는;기본은;월간입니다;기업;요청;주간
수거 후 보고서에는 어떤 항목이 들어가나요?,"""수거 수량, 상태 분류 결과, 처리 방식, 예상 비용 및 수익 등을 포함합니다.""",수거;보고서에는;어떤;항목이;들어가나요;수량;상태;분류
예상 교체 비용은 어떻게 계산하나요?,"""패널 단가, 수거·운송비, 설치비 등을 종합해 연도별 비용을 산출합니다.""",예상;교체;비용은;어떻게;계산하나요;패널;단가;수거
재활용 시 수익이 발생하나요?,"""네, 자원 회수 가치에 따라 일부 비용이 환급되어 수익으로 전환됩니다.""",재활용;수익이;발생하나요;자원;회수;가치에;따라;일부
사업자는 어떤 정보를 등록해야 하나요?,"""사업장 주소, 패널 종류 및 수량, 설치 연도, 최근 발전량 등의 기본 정보가 필요합니다.""",사업자는;어떤;정보를;등록해야;하나요;사업장;주소;패널
여러 개의 발전소를 한 계정에서 관리할 수 있나요?,"""네, 한 계정에서 복수의 발전소를 등록·관리할 수 있습니다.""",여러;개의;발전소를;계정에서;관리할;있나요;복수의;등록
정부 보조금이나 지원 사업과 연동되나요?,"""일부 지역의 폐기물 처리 보조금과 연동이 가능하며 향후 확대 예정입니다.""",정부;보조금이나;지원;사업과;연동되나요;일부;지역의;폐기물
플랫폼은 어떤 기술 스택으로 만들어졌나요?,"""AI 분석, 클라우드 기반 저장소, API 연동 기술 등이 사용됩니다.""",AI;API;플랫폼은;어떤;기술;스택으로;만들어졌나요;분석
수거 요청 후 언제 처리되나요?,"""일반적으로 1~2주 이내 처리되며, 지역에 따라 달라질 수 있습니다.""",수거;요청;언제;처리되나요;일반적으로;이내;처리되며;지역에
수거 상태를 실시간으로 확인할 수 있나요?,"""네, 대시보드에서 수거 요청 상태 및 처리 현황을 실시간 확인할 수 있습니다.""",수거;상태를;실시간으로;확인할;있나요;대시보드에서;요청;상태
EPR이란?,"""EPR(Extended Producer Responsibility)은 생산자가 제품 폐기물의 회수와 재활용 책임을 지는 제도입니다.""",EPR;이란;Extended;Producer;Responsibility;생산자가;제품;폐기물의
EPR이 뭔가요?,"""EPR(Extended Producer Responsibility)은 생산자가 제품 폐기물의 회수와 재활용 책임을 지는 제도입니다.""",EPR;뭔가요;Extended;Producer;Responsibility;생산자가;제품;폐기물의
ESG란?,"""ESG는 환경(Environment), 사회(Social), 지배구조(Governance)를 고려한 지속가능 경영을 의미합니다.""",ESG;환경;Environment;사회;Social;지배구조;Governance;고려한
ESG는 뭔가요?,"""ESG는 환경(Environment), 사회(Social), 지배구조(Governance)를 고려한 지속가능 경영을 의미합니다.""",ESG;뭔가요;환경;Environment;사회;Social;지배구조;Governance
EPR 미이행 시 어떤 불이익이 있나요?,"""이행하지 않을 경우 과징금, 행정처분 등 법적 제재가 가해질 수 있습니다.""",EPR;미이행;어떤;불이익이;있나요;이행하지;않을;경우
AI가 성능 저하를 어떻게 판단하나요?,"""AI는 발전량 데이터, 이미지 분석, 기상 정보 등을 종합해 성능 저하를 예측합니다.""",AI;성능;저하를;어떻게;판단하나요;발전량;데이터;이미지
리포트는 어떤 형식으로 받을 수 있나요?,"""PDF, Excel 등 다양한 포맷으로 자동 생성되어 이메일이나 대시보드에서 확인할 수 있습니다.""",PDF;리포트는;어떤;형식으로;받을;있나요;Excel;다양한
교체와 수리의 기준은 어떻게 되나요?,"""경미한 손상은 수리, 심한 손상이나 성능 저하는 교체, 재활용 가능 시 별도 처리합니다.""",교체와;수리의;기준은;어떻게;되나요;경미한;손상은;수리
폐패널 하나당 재활용 환급액은 얼마인가요?,"""환경부 재활용 부과금 기준으로, 폐패널 재활용 단가는 1kg당 약 727원, 회수 단가는 94원으로 정해져 있습니다. 업체에 따라 기준이 다를 수 있습니다.""",폐패널;하나당;재활용;환급액은;얼마인가요;환경부;부과금;기준으로
여러 패널을 한 번에 등록할 수 있나요?,"""네, 일괄 등록 가능합니다.""",여러;패널을;번에;등록할;있나요;일괄;등록;가능합니다
데이터 보안은 어떻게 하나요?,"""모든 데이터는 암호화되어 저장되며, 접근 권한 관리가 엄격히 이루어집니다.""",데이터;보안은;어떻게;하나요;모든;데이터는;암호화되어;저장되며
모바일에서도 사용 가능한가요?,"""현재 웹으로만 지원 중이며 추후 모바일 앱까지 지원 예정입니다.""",모바일에서도;사용;가능한가요;현재;웹으로만;지원;중이며;추후
웹에서만 사용 가능한가요?,"""현재 웹으로만 지원 중이며 추후 모바일 앱까지 지원 예정입니다.""",웹에서만;사용;가능한가요;현재;웹으로만;지원;중이며;추후
폐기물관리법과 관련된 준수 사항이 있나요?,"""폐패널은 지정 폐기물로 분류되어 법령에 따른 수거, 운반, 처리 기준을 준수해야 합니다.""",폐기물관리법과;관련된;준수;사항이;있나요;폐패널은;지정;폐기물로
폐기물관리법과 관련해 지켜야 되는 게 있나요?,"""폐패널은 지정 폐기물로 분류되어 법령에 따른 수거, 운반, 처리 기준을 준수해야 합니다.""",폐기물관리법과;관련해;지켜야;되는;있나요;폐패널은;지정;폐기물로
재활용 업체는 어떻게 선정되나요?,"""제휴 업체 리스트를 기반으로 품질과 가격을 고려해 선택할 수 있습니다.""",재활용;업체는;어떻게;선정되나요;제휴;업체;리스트를;기반으로
재활용 업체 선정은 어떻게 하나요?,"""제휴 업체 리스트를 기반으로 품질과 가격을 고려해 선택할 수 있습니다.""",재활용;업체;선정은;어떻게;하나요;제휴;리스트를;기반으로
데모 버전 체험이 가능한가요?,"""네, 기업 인증 후 일정 기간 데모 서비스를 체험할 수 있습니다.""",데모;버전;체험이;가능한가요;기업;인증;일정;기간
체험 기간이 있나요?,"""네, 기업 인증 후 일정 기간 서비스를 체험할 수 있습니다.""",체험;기간이;있나요;기업;인증;일정;기간;서비스를
기술 지원은 어떻게 받을 수 있나요?,"""이메일, 전화, 온라인 헬프데스크를 통해 지원받을 수 있습니다.""",기술;지원은;어떻게;받을;있나요;이메일;전화;온라인
폐패널 상태 사진은 어떻게 업로드하나요?,"""웹에서 사진 업로드 기능을 통해 쉽고 빠르게 업로드할 수 있습니다.""",폐패널;상태;사진은;어떻게;업로드하나요;웹에서;사진;업로드
패널 이미지는 어떻게 업로드하나요?,"""웹에서 사진 업로드 기능을 통해 쉽고 빠르게 업로드할 수 있습니다.""",패널;이미지는;어떻게;업로드하나요;웹에서;사진;업로드;기능을
패널 사진은 어디에 올리나요?,"""웹에서 사진 업로드 기능을 통해 쉽고 빠르게 업로드할 수 있습니다.""",패널;사진은;어디에;올리나요;웹에서;사진;업로드;기능을
패널 설치일 정보가 없으면 어떻게 하나요?,"""설치일 미확인 시 AI가 예측 모델을 통해 대체 데이터를 산출합니다.""",AI;패널;설치일;정보가;없으면;어떻게;하나요;미확인
패널을 언제 설치했는지 모르면?,"""설치일 미확인 시 AI가 예측 모델을 통해 대체 데이터를 산출합니다.""",AI;패널을;언제;설치했는지;모르면;설치일;미확인;예측
기후 변화가 예측에 미치는 영향은 어떤가요?,"""기후 데이터를 반영해 발전량과 성능 저하 예측 정확도를 높입니다.""",기후;변화가;예측에;미치는;영향은;어떤가요;데이터를;반영해
패널 수명 연장은 가능한가요?,"""적절한 수리와 관리로 수명을 일부 연장할 수 있습니다.""",패널;수명;연장은;가능한가요;적절한;수리와;관리로;수명을
폐패널 관련 법령은 어디서 확인할 수 있나요?,"""환경부 및 지방자치단체의 공식 웹사이트에서 최신 법령을 확인할 수 있습니다.""",폐패널;관련;법령은;어디서;확인할;있나요;환경부;지방자치단체의
EPR 보고서 제출 기한은 언제인가요?,"""매년 정해진 기한 내에 환경부에 제출해야 하며, 플랫폼에서 알림 기능을 제공합니다.""",EPR;보고서;제출;기한은;언제인가요;매년;정해진;기한
EPR 보고서 제출 기한이 있나요?,"""매년 정해진 기한 내에 환경부에 제출해야 하며, 플랫폼에서 알림 기능을 제공합니다.""",EPR;보고서;제출;기한이;있나요;매년;정해진;기한
EPR 보고서는 언제 제출하나요?,"""매년 정해진 기한 내에 환경부에 제출해야 하며, 플랫폼에서 알림 기능을 제공합니다.""",EPR;보고서는;언제;제출하나요;매년;정해진;기한;내에
API 연동은 어떤 방식으로 하나요?,"""신규 데이터 반영과 알고리즘 개선을 위해 분기별 업데이트가 이루어집니다.""",API;연동은;어떤;방식으로;하나요;신규;데이터;반영과
폐패널 수거 후 처리 시간은 얼마나 걸리나요?,보통 1~2주 이내에 상태 분석과 처리 절차가 완료됩니다.,폐패널;수거;처리;시간은;얼마나;걸리나요;보통;이내에
패널 처리 기간은 얼마나 걸리나요?,"""보통 1~2주 이내에 상태 분석과 처리 절차가 완료됩니다.""",패널;처리;기간은;얼마나;걸리나요;보통;이내에;상태
고장 이력은 어떻게 관리되나요?,"""플랫폼에서 개별 패널별 고장 기록을 체계적으로 관리합니다.""",고장;이력은;어떻게;관리되나요;플랫폼에서;개별;패널별;기록을
AI 모델은 얼마나 자주 업데이트되나요?,"""신규 데이터 반영과 알고리즘 개선을 위해 분기별 업데이트가 이루어집니다.""",AI;모델은;얼마나;자주;업데이트되나요;신규;데이터;반영과
재활용 환급금은 어떻게 지급되나요?,"""지급 절차는 계약 조건에 따라 다르며, 계좌 이체 또는 크레딧 형태로 제공됩니다.""",재활용;환급금은;어떻게;지급되나요;지급;절차는;계약;조건에
패널 분류 정확도는 어느 정도인가요?,"""현재 AI 분류 정확도는 85~90%이며, 95% 이상을 목표로 하고 있습니다.""",AI;패널;분류;정확도는;어느;정도인가요;현재;85
플랫폼에서 제공하는 보고서 커스터마이징이 가능한가요?,"""네, 고객 요구에 따라 리포트 양식과 항목을 조정할 수 있습니다.""""",플랫폼에서;제공하는;보고서;커스터마이징이;가능한가요;고객;요구에;따라
다국어 지원이 되나요?,"""현재 한국어만 지원 중이며, 추후 다른 언어도 지원할 계획입니다.""",다국어;지원이;되나요;현재;한국어만;지원;중이며;추후
사용자 계정당 등록 가능한 패널 수는?,"""기본 1,000개이며, 추가 등록 시 별도 요금이 부과될 수 있습니다.""",사용자;계정당;등록;가능한;패널;수는;기본;000
배출자 정보에는 어떤 내용이 포함되나요?,"""배출자명(기업명), 사업자등록번호, 설치 주소(폐패널 발생 위치), 담당자명 및 연락처가 포함됩니다.""",배출자;정보에는;어떤;내용이;포함되나요;배출자명;기업명;사업자등록번호
폐패널 발생 정보에는 무엇이 들어가나요?,"""발생 기간(예: 2025년 1분기), 패널 모델명, 제조사, 설치일, 철거일, 총 수량(개), 총 무게(kg), 설치 당시 용량(kW) 등이 포함됩니다.""",폐패널;발생;정보에는;무엇이;들어가나요;기간;2025;분기
수거 및 처리 이력에 포함되는 항목은 무엇인가요?,"""수거 일자, 수거 업체명 및 연락처, 수거 장소, 운송 방법과 운송업체, 처리 일자, 처리 업체명, 처리 방식(재활용, 매립 등), 처리 결과 요약이 포함됩니다.""",수거;처리;이력에;포함되는;항목은;무엇인가요;일자;업체명
부품별 처리 내역은 어떻게 구성되나요?,"""부품명, 수거량(kg), 처리 방법, 재활용률(%), 유해물질 포함 여부로 구분되어 상세히 작성합니다.""",부품별;처리;내역은;어떻게;구성되나요;부품명;수거량;kg
유리의 처리 방법과 재활용률은 어떻게 되나요?,"""유리는 재활용 유리 분리 방식으로 처리하며, 재활용률은 약 95%이고 유해물질은 포함하지 않습니다.""",유리의;처리;방법과;재활용률은;어떻게;되나요;유리는;재활용
유리 처리 방법이 뭔가요?,"""유리는 재활용 유리 분리 방식으로 처리합니다.""",유리;처리;방법이;뭔가요;유리는;재활용;분리;방식으로
유리 재활용률은?,"""유리의 재활용률은 약 95%이고 유해물질은 포함하지 않습니다.""",유리;재활용률은;유리의;95;이고;유해물질은;포함하지;않습니다
프레임은 어떻게 처리되나요?,"""알루미늄 프레임은 재활용되며, 재활용률은 약 90%, 유해물질은 없습니다.""",프레임은;어떻게;처리되나요;알루미늄;재활용되며;재활용률은;90;유해물질은
실리콘 셀은 어떻게 처리되나요?,"""실리콘 셀은 회수 후 재활용 또는 폐기하며, 재활용률은 약 80%이고 납과 카드뮴 등의 유해물질이 포함될 가능성이 있습니다.""",실리콘;셀은;어떻게;처리되나요;회수;재활용;또는;폐기하며
EVA 부품은 어떻게 처리되나요?,"""EVA는 소각 처리하며 재활용률은 0%이고 유해물질은 포함하지 않습니다.""",EVA;부품은;어떻게;처리되나요;소각;처리하며;재활용률은;이고
접합재는 어떻게 처리되나요?,"""접합재는 안전 폐기 처리하며, 재활용률은 약 5%이고 일부 유해물질이 포함되어 있을 수 있습니다.""",접합재는;어떻게;처리되나요;안전;폐기;처리하며;재활용률은;이고
환경 영향 및 안전조치 내역에는 어떤 정보가 포함되나요?,"""유해물질 포함 여부(납, 카드뮴, 비소 등), 처리 시 발생하는 오염물(폐수, 배기가스 등), 환경안전 조치 이력(밀봉, 음압 처리 등)을 포함합니다.""",환경;영향;안전조치;내역에는;어떤;정보가;포함되나요;유해물질
환경 영향 및 안전조치 내역은?,"""유해물질 포함 여부(납, 카드뮴, 비소 등), 처리 시 발생하는 오염물(폐수, 배기가스 등), 환경안전 조치 이력(밀봉, 음압 처리 등)을 포함합니다.""",환경;영향;안전조치;내역은;유해물질;포함;여부;카드뮴
보고서 작성 정보에는 무엇이 포함되나요?,"""작성자 이름과 직책, 작성 일자, 보고서 제출 대상(예: 환경부, 지자체 등)이 포함됩니다.""",보고서;작성;정보에는;무엇이;포함되나요;작성자;이름과;직책
보고서 작성 정보에는 어떤 게 포함되나요?,"""작성자 이름과 직책, 작성 일자, 보고서 제출 대상(예: 환경부, 지자체 등)이 포함됩니다.""",보고서;작성;정보에는;어떤;포함되나요;작성자;이름과;직책
부품별 처리 내역을 포함해야 하는 이유는 무엇인가요?,"""정부 가이드라인과 EPR 실무 처리 방식에 따라 부품별로 구체적이고 상세한 처리 내역을 반드시 작성해야 하기 때문입니다.""",EPR;부품별;처리;내역을;포함해야;하는;이유는;무엇인가요
부품별 처리 내역을 꼭 포함해야 하나요?,"""정부 가이드라인과 EPR 실무 처리 방식에 따라 부품별로 구체적이고 상세한 처리 내역을 반드시 작성해야 하기 때문입니다.""",EPR;부품별;처리;내역을;포함해야;하나요;정부;가이드라인과
보고서 작성 시 가장 중요한 항목은 무엇인가요?,"""부품별 처리 내역과 환경 영향 및 안전조치 내역이 가장 핵심이며, 정확한 데이터를 기반으로 작성해야 합니다.""",보고서;작성;가장;중요한;항목은;무엇인가요;부품별;처리
보고서 작성할 때 중요한 것은?,"부품별 처리 내역과 환경 영향 및 안전조치 내역이 가장 핵심이며, 정확한 데이터를 기반으로 작성해야 합니다.",보고서;작성할;중요한;것은;부품별;처리;내역과;환경
